year,gainer,procedure,entity,area,pop,loser,c_a3_g,c_a3_l
1816,United Kingdom,All,0,0,0,0,0,0
1816,United Kingdom,Cession,Nepal,1,0,Nepal,UKG,NEP
1816,Argentina,Independence,Argentina,2093164,1970000,Spain,ARG,SPN
1817,France,Cession,Senegal,7819,100000,United Kingdom,FRN,UKG
1818,United Kingdom,Cession,United States of America,41600,0,United States of America,UKG,USA
1818,United States of America,Cession,Canada,84240,0,United Kingdom,USA,UKG
1818,Chile,Independence,Chile,464568,1656300,Spain,CHL,SPN
1819,United States of America,Cession,Cuba,186488,54477,Spain,USA,SPN
1819,France,Annexation,Madagascar,1,0,Madagascar,FRN,MAG
1819,Colombia,Independence,Colombia,660760,1400000,Spain,COL,SPN
1821,Peru,Independence,Peru,1559891,1929300,Spain,PER,SPN
1821,Dominican Republic,Independence,Dominican Republic,48734,89000,Spain,DOM,SPN
1821,Colombia,Conquest,Venezuela,1082207,800000,Spain,COL,SPN
1821,Portugal,Cession,Uruguay,269810,70000,Spain,POR,SPN
1821,Mexico,Independence,Mexico,1426757,7000000,Spain,MEX,SPN
1822,Colombia,Conquest,Ecuador,550685,600000,Spain,COL,SPN
1824,Netherlands,Cession,Indonesia,25089,93875,United Kingdom,NTH,UKG
1824,United Kingdom,Cession,Straits Settlements,1658,77756,Netherlands,UKG,NTH
1824,Brazil,Independence,Brazil,8259504,5306418,Portugal,BRA,POR
1825,Tunisia,Secession,Tunisia,116348,875000,Turkey,TUN,TUR
1825,Madagascar,Conquest,Madagascar,1,0,France,MAG,FRN
1825,Bolivia,Independence,Bolivia,3016000,1750000,Spain,BOL,SPN
1826,United Kingdom,Conquest,Myanmar,169098,1222998,Myanmar,UKG,MYA
1828,Russia,Cession,Iran,29800,0,Iran,RUS,IRN
1828,Uruguay,Secession,Uruguay,269810,70000,Brazil,URU,BRA
1828,Greece,Secession,Greece,39510,637700,Turkey,GRC,TUR
1829,United Kingdom,Cession,Fernando Po (Bioko),2034,2300,Spain,UKG,SPN
1829,Russia,Cession,Turkey,8580,0,Turkey,RUS,TUR
1830,France,Conquest,Algeria,275317,73200,Turkey,FRN,TUR
1830,Belgium,Secession,Belgium,27407,3533538,Netherlands,BEL,NTH
1832,Colombia,Cession,Ecuador,140976,276249,Ecuador,COL,ECU
1833,United Kingdom,Annexation,Falkland Is.,11961,20,Argentina,UKG,ARG
1836,Texas,Secession,Texas,1010472,38000,Mexico,#N/A,MEX
1839,Belgium,Cession,Luxembourg,4408,176493,Netherlands,BEL,NTH
1839,Belgium,Cession,Netherlands,2416,171572,Netherlands,BEL,NTH
1839,United Kingdom,Annexation,Sikkim,3016,0,Sikkim,UKG,#N/A
1839,Peru,Secession,Peru,1559891,1929300,Bolivia,PER,BOL
1842,United Kingdom,Cession,United States of America,12950,0,United States of America,UKG,USA
1842,United States of America,Cession,Canada,18130,0,United Kingdom,USA,UKG
1842,United Kingdom,Cession,Hong Kong,75,33143,China,UKG,CHN
1843,Spain,Cession,Fernando Po (Bioko),2034,18000,United Kingdom,SPN,UKG
1843,United Kingdom,Conquest,Natal,46620,121068,Natal,UKG,#N/A
1843,United Kingdom,Annexation,Sind,126340,1730323,Sind,UKG,#N/A
1845,United States of America,Annexation,Texas,1010472,35162,Texas,USA,#N/A
1846,United Kingdom,Cession,United States of America,429536,89000,United States of America,UKG,USA
1846,United States of America,Cession,Canada,739652,13323,United Kingdom,USA,UKG
1846,Austria-Hungary,Annexation,Cracow,1158,141202,Cracow,AUH,#N/A
1847,Tuscany,Annexation,Lucca,1127,168198,Lucca,TUS,#N/A
1847,United Kingdom,Cession,Labuan I.,91,1385,Brunei,UKG,BRU
1848,United States of America,Cession,Mexico,1370153,295574,Mexico,USA,MEX
1849,Germany,Unification,Hohenzollern Hechingen,1173,65574,Hohenzollern Hechingen,GMY,#N/A
1849,United Kingdom,Cession,Kashmir,259000,3000000,Kashmir,UKG,#N/A
1850,United Kingdom,Cession,Ghana,40,40000,Denmark,UKG,DEN
1851,Brazil,Cession,Uruguay,104000,0,Uruguay,BRA,URU
1851,Netherlands,Cession,Indonesia,1,0,Portugal,NTH,POR
1851,United Kingdom,Annexation,Aden,8,0,Aden,UKG,#N/A
1852,Transvaal,Independence,Transvaal,286065,300000,United Kingdom,#N/A,UKG
1852,United Kingdom,Conquest,Myanmar,83657,870180,Myanmar,UKG,MYA
1853,United States of America,Cession,Mexico,76768,96000,Mexico,USA,MEX
1854,Orange Free State,Independence,Orange Free State,129153,245000,United Kingdom,#N/A,UKG
1854,United Kingdom,Cession,Oman,73,350000,Oman,UKG,OMA
1855,Egypt,Secession,Egypt,1021081,600000,Turkey,EGY,TUR
1856,Turkey,Cession,Russia,18557,0,Russia,TUR,RUS
1856,Turkey,Cession,Russia,12264,0,Russia,TUR,RUS
1858,Russia,Cession,China,282473,40000,China,RUS,CHN
1859,Brazil,Cession,Venezuela,156000,0,Venezuela,BRA,VEN
1859,Honduras,Cession,Honduras,33701,0,United Kingdom,HON,UKG
1859,Portugal,Cession,East Timor,18989,850300,Netherlands,POR,NTH
1859,Netherlands,Cession,Indonesia,15850,1057800,Portugal,NTH,POR
1859,Italy,Cession,Austria-Hungary,21595,3009505,Austria-Hungary,ITA,AUH
1860,Nicaragua,Cession,Nicaragua,21367,0,United Kingdom,NIC,UKG
1860,France,Cession,Italy,14778,0,Italy,FRN,ITA
1860,Italy,Unification,Papal States,41445,3124668,Papal States,ITA,PAP
1860,Italy,Unification,Two Sicilies,11950,8703130,Two Sicilies,ITA,SIC
1860,Italy,Unification,Modena,6031,598996,Modena,ITA,MOD
1860,Italy,Unification,Parma,6221,495840,Parma,ITA,PMA
1860,Italy,Unification,Tuscany,22163,1783279,Tuscany,ITA,TUS
1860,Spain,Annexation,Ifni,1505,0,Morocco,SPN,MOR
1860,Russia,Cession,China,234000,0,China,RUS,CHN
1860,United Kingdom,Cession,Hong Kong,6,0,China,UKG,CHN
1861,Spain,Annexation,Dominican Republic,48734,200000,Dominican Republic,SPN,DOM
1861,France,Annexation,Monaco,2,0,Monaco,FRN,MNC
1862,United Kingdom,Annexation,Bahrain,598,0,Bahrain,UKG,BAH
1862,France,Cession,Cochin China,22380,502116,Vietnam,FRN,DRV
1863,United States of America,Annexation,Honduras,5,0,Honduras,USA,HON
1863,France,Annexation,Cambodia,83861,1000000,Cambodia,FRN,CAM
1864,Greece,Cession,Slovenia,2608,234123,United Kingdom,GRC,UKG
1864,Germany,Cession,Denmark,9194,409907,Denmark,GMY,DEN
1864,Austria-Hungary,Cession,Denmark,8534,544419,Denmark,AUH,DEN
1864,Germany,Cession,Denmark,1046,50147,Denmark,GMY,DEN
1865,United Kingdom,Annexation,Bhutan,8889,0,Bhutan,UKG,BHU
1865,Dominican Republic,Independence,Dominican Republic,48734,200000,Spain,DOM,SPN
1866,Chile,Cession,Bolivia,42896,0,Bolivia,CHL,BOL
1866,Germany,Conquest,Hanover,38474,1923492,Hanover,GMY,HAN
1866,Germany,Annexation,Frankfurt,101,87518,Frankfurt,GMY,#N/A
1866,Germany,Annexation,Nassau,4709,457571,Nassau,GMY,#N/A
1866,Germany,Annexation,Hesse Electoral,9586,745063,Hesse Electoral,GMY,HSE
1866,Italy,Cession,Austria-Hungary,25145,2458989,Austria-Hungary,ITA,AUH
1866,Germany,Conquest,Austria-Hungary,8537,544419,Austria-Hungary,GMY,AUH
1867,Brazil,Cession,Bolivia,162500,0,Bolivia,BRA,BOL
1867,Thailand,Cession,Cambodia,35641,0,France,THI,FRN
1867,Germany,Unification,Anhalt Dessau,2383,181824,Anhalt Dessau,GMY,#N/A
1867,Germany,Unification,Brunswick,3691,282400,Brunswick,GMY,#N/A
1867,Germany,Unification,Bremen,192,98575,Bremen,GMY,#N/A
1867,Germany,Unification,Hamburg,352,229941,Hamburg,GMY,#N/A
1867,Germany,Unification,Lippe,1577,139287,Lippe,GMY,#N/A
1867,Germany,Unification,Mecklenburg Strelitz,2725,99060,Mecklenburg Strelitz,GMY,#N/A
1867,Germany,Unification,Oldenburg,6291,295242,Oldenburg,GMY,#N/A
1867,Germany,Unification,Saxe Weimar,9407,742907,Saxe Weimar,GMY,#N/A
1867,Germany,Unification,Schwartzburg Sonderhausen,1121,58604,Schwartzburg Sonderhausen,GMY,#N/A
1867,Germany,Unification,Saxony,14939,2337192,Saxony,GMY,SAX
1867,Germany,Unification,Schwartzburg Rodolstadt,329,49482,Schwartzburg Rodolstadt,GMY,#N/A
1867,Germany,Unification,Hesse Grand Ducal,8386,853315,Hesse Grand Ducal,GMY,HSG
1867,Germany,Unification,Mecklenburg Schwerin,13442,552612,Mecklenburg Schwerin,GMY,MEC
1867,United States of America,Cession,Alaska,1518775,54000,Russia,USA,RUS
1867,France,Conquest,Cochin China,33864,477000,Vietnam,FRN,DRV
1867,Luxembourg,Secession,Luxembourg,2567,203851,Netherlands,LUX,NTH
1868,United Kingdom,Annexation,Lesotho,21885,127700,Lesotho,UKG,LES
1868,Russia,Conquest,Tajikistan,156000,2000000,Tajikistan,RUS,TAJ
1870,Brazil,Cession,Paraguay,65000,0,Paraguay,BRA,PAR
1870,Italy,Unification,Papal States,11790,723161,Papal States,ITA,PAP
1871,United Kingdom,Cession,Ghana,27534,120000,Netherlands,UKG,NTH
1871,Germany,Cession,France,14452,1549459,France,GMY,FRN
1871,Germany,Unification,Bavaria,76073,4824421,Bavaria,GMY,BAV
1871,Germany,Unification,Baden,15311,1434970,Baden,GMY,BAD
1871,Germany,Unification,Wuerttemburg,50526,1778479,Wuerttemburg,GMY,WRT
1871,Turkey,Conquest,Asir,104338,0,Asir,TUR,#N/A
1871,Russia,Annexation,China,42900,0,China,RUS,CHN
1872,Turkey,Conquest,Yemen Arab Republic,195000,2000000,Yemen Arab Republic,TUR,YAR
1872,Turkey,Annexation,Qatar,11000,22500,Qatar,TUR,QAT
1873,Russia,Conquest,Kyrgyzstan,92463,110000,Kyrgyzstan,RUS,KYR
1874,Argentina,Cession,Paraguay,117000,0,Paraguay,ARG,PAR
1874,France,Conquest,Cochin China,33864,477000,Vietnam,FRN,DRV
1874,United Kingdom,Annexation,Fiji,18272,148040,Fiji,UKG,FIJ
1875,Portugal,Cession,Mozambique,650,0,United Kingdom,POR,UKG
1875,Japan,Cession,Russia,4973,72,Russia,JPN,RUS
1875,Turkey,Conquest,Al Hasa,107120,0,Al Hasa,TUR,#N/A
1875,Russia,Cession,Japan,32348,2358,Japan,RUS,JPN
1876,Russia,Conquest,Turkmenistan,728000,0,Turkmenistan,RUS,TKM
1877,United Kingdom,Annexation,Transvaal,285363,815000,Transvaal,UKG,#N/A
1878,Montenegro,Secession,Montenegro,4584,195585,Turkey,MNG,TUR
1878,Paraguay,Cession,Argentina,1,10,Argentina,PAR,ARG
1878,Russia,Cession,Romania,9274,127000,Romania,RUS,ROM
1878,Austria-Hungary,Mandated territory,Bosnia and Herzegovina,42520,862202,Turkey,AUH,TUR
1878,Russia,Cession,Turkey,25769,236600,Turkey,RUS,TUR
1878,Austria-Hungary,Mandated territory,Herzegovina,20280,349970,Turkey,AUH,TUR
1878,Romania,Cession,Turkey,15372,357000,Turkey,ROM,TUR
1878,Yugoslavia,Cession,Turkey,11097,222732,Turkey,YUG,TUR
1878,United Kingdom,Cession,Cyprus,9251,186084,Turkey,UKG,TUR
1878,Montenegro,Cession,Turkey,4610,100000,Turkey,MNG,TUR
1878,Austria-Hungary,Cession,Albania,35,2000,Turkey,AUH,TUR
1878,Romania,Secession,Romania,118213,5073000,Turkey,ROM,TUR
1878,Yugoslavia,Secession,Yugoslavia,42994,1352522,Turkey,YUG,TUR
1879,Egypt,Conquest,Ethiopia,468000,325000,Ethiopia,EGY,ETH
1880,Transvaal,Independence,Transvaal,285363,815000,United Kingdom,#N/A,UKG
1880,Turkey,Cession,Montenegro,1,200,Montenegro,TUR,MNG
1880,Montenegro,Cession,Turkey,520,0,Turkey,MNG,TUR
1881,Argentina,Cession,Chile,1,10,Chile,ARG,CHL
1881,Chile,Cession,Argentina,1,0,Argentina,CHL,ARG
1881,China,Cession,Russia,42900,0,Russia,CHN,RUS
1881,France,Conquest,Tunisia,116348,2100000,Tunisia,FRN,TUN
1881,Greece,Cession,Turkey,13364,293000,Turkey,GRC,TUR
1882,United Kingdom,Conquest,Egypt,1021081,6806381,Egypt,UKG,EGY
1883,Chile,Conquest,Peru,51480,20000,Peru,CHL,PER
1883,France,Annexation,Vietnam,90000,9000000,Vietnam,FRN,DRV
1884,Sudan,Independence,Sudan,2658063,11000000,United Kingdom,SUD,UKG
1884,Chile,Conquest,Bolivia,50215,14000,Bolivia,CHL,BOL
1884,United Kingdom,Cession,Transvaal,19500,0,Transvaal,UKG,#N/A
1884,Ethiopia,Cession,Ethiopia,468000,0,Egypt,ETH,EGY
1885,Portugal,Cession,Democratic Republic of the Congo,7298,0,Belgium,POR,BEL
1885,France,Cession,Madagascar,250,12237,Madagascar,FRN,MAG
1886,Portugal,Cession,Mozambique,6000,0,Zanzibar,POR,ZAN
1886,United Kingdom,Conquest,Myanmar,492000,4000000,Myanmar,UKG,MYA
1887,United Kingdom,Cession,Kenya,7020,0,Zanzibar,UKG,ZAN
1887,United Kingdom,Annexation,Maldives,298,30000,Maldives,UKG,MAD
1888,Germany,Cession,Tanzania,52000,0,Zanzibar,GMY,ZAN
1888,United Kingdom,Annexation,Brunei,5765,45000,Brunei,UKG,BRU
1889,Italy,Conquest,Somalia,259000,400000,Zanzibar,ITA,ZAN
1889,United Kingdom,Cession,Somalia,10000,0,Zanzibar,UKG,ZAN
1889,United Kingdom,Annexation,Federated Malay States,7334,0,Federated Malay States,UKG,#N/A
1890,Germany,Cession,Namibia,18200,0,United Kingdom,GMY,UKG
1890,Germany,Cession,Heligoland,2,2001,United Kingdom,GMY,UKG
1890,United Kingdom,Cession,Kenya,3120,0,Germany,UKG,GMY
1890,United Kingdom,Annexation,Zanzibar,2642,150000,Zanzibar,UKG,ZAN
1890,United Kingdom,Annexation,Swaziland,17363,55000,Swaziland,UKG,SWA
1890,United Kingdom,Cession,Sikkim,7298,30458,Sikkim,UKG,#N/A
1891,Portugal,Cession,Democratic Republic of the Congo,1,0,Belgium,POR,BEL
1891,Belgium,Cession,Angola,1,0,Portugal,BEL,POR
1892,Italy,Cession,Somalia,10000,0,United Kingdom,ITA,UKG
1892,United Kingdom,Cession,United Arab Emirates,92100,0,United Arab Emirates,UKG,UAE
1893,Transvaal,Cession,Swaziland,17363,55000,United Kingdom,#N/A,UKG
1893,United Kingdom,Cession,Afghanistan,104980,0,Afghanistan,UKG,AFG
1893,France,Conquest,Laos,255000,600000,Laos,FRN,LAO
1894,France,Cession,Democratic Republic of the Congo,1,0,Belgium,FRN,BEL
1895,Brazil,Cession,Paraguay,13000,0,Paraguay,BRA,PAR
1895,Russia,Cession,Manchukuo,26000,0,Afghanistan,RUS,AFG
1895,Japan,Conquest,Taiwan,35763,2781272,China,JPN,CHN
1896,France,Conquest,Madagascar,590000,3500000,Madagascar,FRN,MAG
1897,Mexico,Conquest,French Polynesia,5,0,France,MEX,FRN
1897,United Kingdom,Cession,Sudan,1,0,Italy,UKG,ITA
1897,Turkey,Cession,Greece,1,200,Greece,TUR,GRC
1897,United Kingdom,Cession,Ethiopia,20720,0,Ethiopia,UKG,ETH
1898,United States of America,Annexation,Hawaii,16638,109020,Hawaii,USA,#N/A
1898,France,Cession,French West Africa,13000,0,United Kingdom,FRN,UKG
1898,United Kingdom,Cession,Nigeria,71500,0,France,UKG,FRN
1898,United States of America,Cession,Philippines,299404,7000000,Spain,USA,SPN
1898,United States of America,Cession,Cuba,114525,1572797,Spain,USA,SPN
1898,United States of America,Cession,Puerto Rico,8860,953243,Spain,USA,SPN
1898,United States of America,Cession,Guam,541,9000,Spain,USA,SPN
1898,United Kingdom,Conquest,Crete,8614,294190,Turkey,UKG,TUR
1898,Russia,Cession,China,3170,250000,China,RUS,CHN
1898,United Kingdom,Cession,Hong Kong,953,100000,China,UKG,CHN
1898,United Kingdom,Cession,China,738,150000,China,UKG,CHN
1899,United Kingdom,Cession,Venezuela,155400,0,Venezuela,UKG,VEN
1899,Venezuela,Cession,Guyana,1,0,United Kingdom,VEN,UKG
1899,Germany,Cession,Ghana,1,0,United Kingdom,GMY,UKG
1899,Germany,Cession,U. S. Pacific Trust Territories,405,15069,Spain,GMY,SPN
1899,United Kingdom,Cession,Solomon Islands,23310,89000,Germany,UKG,GMY
1899,United Kingdom,Cession,German Togoland,1,0,Germany,UKG,GMY
1899,United Kingdom,Conquest,Sudan,2505823,2000000,Sudan,UKG,SUD
1899,United Kingdom,Annexation,Kuwait,15540,50000,Kuwait,UKG,KUW
1899,Germany,Cession,Samoa,2823,33000,Samoa,GMY,WSM
1899,United States of America,Cession,American Samoa,195,4000,Samoa,USA,WSM
1900,Russia,Conquest,Manchukuo,939280,5530000,China,RUS,CHN
1900,United Kingdom,Annexation,Tonga,700,26000,Tonga,UKG,TON
1902,Argentina,Cession,Chile,20470,0,Chile,ARG,CHL
1902,Chile,Cession,Argentina,27708,0,Argentina,CHL,ARG
1902,United Kingdom,Cession,Ethiopia,292500,0,Ethiopia,UKG,ETH
1902,United Kingdom,Conquest,Transvaal,286065,1000000,Transvaal,UKG,#N/A
1902,United Kingdom,Conquest,Orange Free State,129153,200000,Orange Free State,UKG,#N/A
1902,Cuba,Independence,Cuba,114525,1572797,United States of America,CUB,USA
1903,United States of America,Cession,Panama Canal Zone,1678,21650,Panama,USA,PAN
1903,Bolivia,Cession,Brazil,3108,0,Brazil,BOL,BRA
1903,Brazil,Cession,Bolivia,191000,70000,Bolivia,BRA,BOL
1903,United States of America,Cession,Canada,1,0,United Kingdom,USA,UKG
1903,France,Conquest,Morocco,499870,62000,Morocco,FRN,MOR
1903,Panama,Secession,Panama,75690,400000,Colombia,PAN,COL
1904,Brazil,Cession,Ecuador,67600,0,Ecuador,BRA,ECU
1904,France,Cession,Guinea,16,0,United Kingdom,FRN,UKG
1904,France,Cession,French West Africa,1,0,United Kingdom,FRN,UKG
1904,France,Cession,Senegal,1,0,United Kingdom,FRN,UKG
1904,Thailand,Cession,French Indochina,6076,0,France,THI,FRN
1904,France,Cession,Thailand,20720,0,Thailand,FRN,THI
1905,China,Cession,Manchukuo,939280,5530000,Russia,CHN,RUS
1905,Japan,Cession,Southern Sakhalin I.,32348,9824,Russia,JPN,RUS
1905,Japan,Cession,China,3253,405680,Russia,JPN,RUS
1905,Japan,Conquest,Korea,220891,5713244,Korea,JPN,KOR
1905,Norway,Secession,Norway,323917,2240032,Sweden,NOR,SWD
1906,Belgium,Cession,Sudan,38850,250000,United Kingdom,BEL,UKG
1906,United Kingdom,Cession,Israel,1,0,Turkey,UKG,TUR
1907,Brazil,Cession,Colombia,162500,0,Colombia,BRA,COL
1907,Brazil,Cession,Bolivia,65000,0,Bolivia,BRA,BOL
1907,Thailand,Cession,French Indochina,35641,0,France,THI,FRN
1907,France,Conquest,Morocco,100,0,Morocco,FRN,MOR
1907,France,Cession,Thailand,18130,0,Thailand,FRN,THI
1908,Bulgaria,Secession,Bulgaria,96345,4035575,Turkey,BUL,TUR
1909,Peru,Cession,Bolivia,26000,0,Bolivia,PER,BOL
1909,United Kingdom,Cession,,38195,450000,Thailand,UKG,THI
1910,Belgium,Cession,Uganda,1,0,United Kingdom,BEL,UKG
1910,United Kingdom,Cession,Democratic Republic of the Congo,38850,250000,Belgium,UKG,BEL
1910,Morocco,Cession,Morocco,100,0,France,MOR,FRN
1910,United Kingdom,Cession,Bhutan,46600,250000,Bhutan,UKG,BHU
1911,Liberia,Cession,Sierra Leone,800,0,United Kingdom,LBR,UKG
1911,Germany,Cession,Kamerun,259000,1000000,France,GMY,FRN
1911,United Kingdom,Cession,Liberia,800,0,Liberia,UKG,LBR
1912,France,Annexation,Morocco,398523,5400000,Morocco,FRN,MOR
1912,Spain,Annexation,Spanish Morocco,26000,600000,Morocco,SPN,MOR
1912,Italy,Conquest,Libya,1051539,523176,Turkey,ITA,TUR
1912,Italy,Conquest,Dodecanese Is. (Aegean Is.),2681,100198,Turkey,ITA,TUR
1912,Albania,Secession,Albania,28748,825000,Turkey,ALB,TUR
1913,Greece,Annexation,Crete,8715,342151,United Kingdom,GRC,UKG
1913,Yugoslavia,Cession,Bulgaria,27625,1000000,Bulgaria,YUG,BUL
1913,Greece,Cession,Bulgaria,19110,1703000,Bulgaria,GRC,BUL
1913,Romania,Cession,Bulgaria,6959,286000,Bulgaria,ROM,BUL
1913,Saudi Arabia,Conquest,Al Hasa,107120,0,Turkey,SAU,TUR
1913,Bulgaria,Cession,Turkey,68250,0,Turkey,BUL,TUR
1913,Greece,Cession,Turkey,24354,1500000,Turkey,GRC,TUR
1913,Yugoslavia,Cession,Turkey,7020,0,Turkey,YUG,TUR
1913,Montenegro,Cession,Turkey,5200,0,Turkey,MNG,TUR
1913,Greece,Cession,Turkey,3771,3000000,Turkey,GRC,TUR
1914,Asir,Secession,Asir,104338,0,Turkey,#N/A,TUR
1914,Japan,Cession,China,518,168900,Germany,JPN,GMY
1914,Italy,Conquest,Albania,5,0,Albania,ITA,ALB
1914,Albania,Cession,Greece,1,0,Greece,ALB,GRC
1915,Qatar,Secession,Qatar,11000,0,Turkey,QAT,TUR
1915,United Kingdom,Annexation,Yemen Arab Republic,182,0,Yemen Arab Republic,UKG,YAR
1916,United States of America,Cession,Nicaragua,10,0,Nicaragua,USA,NIC
1916,Spain,Cession,Spanish Morocco,33020,9836,France,SPN,FRN
1916,United Kingdom,Annexation,Qatar,22014,25000,Qatar,UKG,QAT
1917,United States of America,Cession,Virgin Islands,342,26051,Denmark,USA,DEN
1917,Finland,Secession,Finland,325534,3105000,Russia,FIN,RUS
1918,Ukraine,Secession,Ukraine,444595,0,Russia,UKR,RUS
1918,Azerbaijan,Secession,Azerbaijan,84984,2096973,Russia,AZE,RUS
1918,Georgia,Secession,Georgia,66976,2372403,Russia,GRG,RUS
1918,Armenia,Secession,Armenia,31057,1214391,Russia,ARM,RUS
1918,Romania,Cession,Romania,45632,2686600,Russia,ROM,RUS
1918,Czechoslovakia,Cession,Czechoslovakia,140968,13600000,Austria,CZE,AUS
1918,Poland,Secession,Poland,263180,15400000,Russia,POL,RUS
1918,Lithuania,Secession,Lithuania,154491,2029000,Russia,LIT,RUS
1918,Latvia,Secession,Latvia,63300,1596000,Russia,LAT,RUS
1918,Estonia,Secession,Estonia,59984,1107000,Russia,EST,RUS
1918,Yemen Arab Republic,Secession,Yemen Arab Republic,195000,1000000,Turkey,YAR,TUR
1919,Danzig,Cession,Danzig,2056,330252,Germany,#N/A,GMY
1919,Italy,Cession,Tunisia,1,0,France,ITA,FRN
1919,South Africa,Mandated territory,Namibia,822907,206000,Germany,SAF,GMY
1919,France,Mandated territory,Cameroon,432012,1500000,Germany,FRN,GMY
1919,Poland,Cession,Germany,420000,2700000,Germany,POL,GMY
1919,France,Cession,French Equatorial Africa,259000,0,Germany,FRN,GMY
1919,United Kingdom,Mandated territory,British Cameroons,80290,550000,Germany,UKG,GMY
1919,France,Mandated territory,Togo,56600,500000,Germany,FRN,GMY
1919,United Kingdom,Mandated territory,British Togoland,32634,188000,Germany,UKG,GMY
1919,France,Cession,Germany,14514,1874014,Germany,FRN,GMY
1919,France,Cession,Saar,1945,657870,Germany,FRN,GMY
1919,Portugal,Cession,Mozambique,1040,0,Germany,POR,GMY
1919,Belgium,Cession,Germany,1000,61000,Germany,BEL,GMY
1919,Australia,Mandated territory,Nauru,21,2120,Germany,AUL,GMY
1919,Luxembourg,Cession,Germany,3,0,Germany,LUX,GMY
1919,Poland,Cession,Austria-Hungary,80080,8257505,Austria,POL,AUS
1919,Yugoslavia,Cession,Austria-Hungary,53636,1931802,Austria,YUG,AUS
1919,Italy,Cession,Austria,18941,1178786,Austria,ITA,AUS
1919,Italy,Cession,Trieste,96,229510,Austria,ITA,AUS
1919,Greece,Cession,Bulgaria,6400,320000,Bulgaria,GRC,BUL
1919,Yugoslavia,Cession,Bulgaria,2500,112500,Bulgaria,YUG,BUL
1919,Hungary,Cession,Hungary,91075,7990000,Austria,HUN,AUS
1920,Newfoundland,Independence,Newfoundland,421481,265000,United Kingdom,#N/A,UKG
1920,Hejaz Sultanate,Secession,Hejaz Sultanate,259000,750000,Turkey,#N/A,TUR
1920,United Kingdom,Mandated territory,Tanzania,939361,5000000,Germany,UKG,GMY
1920,Australia,Mandated territory,New Guinea (German New Guinea) (Kaiser Wilhelmsland),240870,400000,Germany,AUL,GMY
1920,Denmark,Cession,Germany,3800,160000,Germany,DEN,GMY
1920,New Zealand,Mandated territory,Samoa,2823,41828,Germany,NEW,GMY
1920,Japan,Mandated territory,U. S. Pacific Trust Territories,2476,70500,Germany,JPN,GMY
1920,Czechoslovakia,Cession,Poland,528,113500,Poland,CZE,POL
1920,Romania,Cession,Hungary,108289,5200000,Hungary,ROM,HUN
1920,Yugoslavia,Cession,Hungary,71540,4095258,Hungary,YUG,HUN
1920,Czechoslovakia,Cession,Hungary,53320,2940374,Hungary,CZE,HUN
1920,Poland,Cession,Czechoslovakia,1009,145241,Czechoslovakia,POL,CZE
1920,Yugoslavia,Cession,Trieste,1,1000,Italy,YUG,ITA
1920,Italy,Cession,Trieste,5271,404309,Yugoslavia,ITA,YUG
1920,Austria,Cession,Yugoslavia,5055,392431,Yugoslavia,AUS,YUG
1920,Poland,Cession,Lithuania,29818,2075700,Lithuania,POL,LIT
1920,Russia,Conquest,Ukraine,444595,0,Ukraine,RUS,UKR
1920,Russia,Conquest,Armenia,31057,1214391,Armenia,RUS,ARM
1920,Russia,Conquest,Georgia,66976,2372403,Georgia,RUS,GRG
1920,Russia,Conquest,Azerbaijan,84984,2096973,Azerbaijan,RUS,AZE
1920,United Kingdom,Mandated territory,Iraq,280031,2849282,Turkey,UKG,TUR
1920,France,Mandated territory,Syria,184920,1969004,Turkey,FRN,TUR
1920,United Kingdom,Mandated territory,Jordan,89484,200000,Turkey,UKG,TUR
1920,United Kingdom,Mandated territory,Israel,23310,757182,Turkey,UKG,TUR
1920,Canada,Independence,Canada,9571661,9235000,United Kingdom,CAN,UKG
1920,Australia,Independence,Australia,7695094,5426008,United Kingdom,AUL,UKG
1920,South Africa,Independence,South Africa,1223409,6930727,United Kingdom,SAF,UKG
1920,New Zealand,Independence,New Zealand,268676,1268046,United Kingdom,NEW,UKG
1921,Costa Rica,Annexation,Panama,1,100,Panama,COS,PAN
1921,Hungary,Cession,Austria,225,39525,Austria,HUN,AUS
1921,Poland,Cession,Russia,113722,3683568,Russia,POL,RUS
1921,Finland,Cession,Sweden,1422,27123,Sweden,FIN,SWD
1921,Russia,Cession,Turkey,6975,186000,Turkey,RUS,TUR
1921,Mongolia,Secession,Mongolia,1531000,2400000,China,MON,CHN
1922,Colombia,Cession,Venezuela,1,100,Venezuela,COL,VEN
1922,Poland,Cession,Germany,3221,893074,Germany,POL,GMY
1922,Germany,Cession,Germany,9702,1299127,Poland,GMY,POL
1922,China,Cession,China,552,192000,Japan,CHN,JPN
1922,Egypt,Independence,Egypt,994300,12800000,United Kingdom,EGY,UKG
1922,Ireland,Independence,Ireland,68891,3165000,United Kingdom,IRE,UKG
1924,Italy,Cession,Kenya,85470,12000,United Kingdom,ITA,UKG
1924,Belgium,Mandated territory,Rwanda-Urundi,54222,3000000,Germany,BEL,GMY
1924,Yugoslavia,Cession,Italy,1,0,Italy,YUG,ITA
1924,Italy,Cession,Yugoslavia,17,49806,Yugoslavia,ITA,YUG
1925,Egypt,Cession,Libya,1,0,Italy,EGY,ITA
1925,Italy,Cession,Egypt,400,0,Egypt,ITA,EGY
1926,New Zealand,Cession,Tokelau Is.,6,1033,United Kingdom,NEW,UKG
1926,United Kingdom,Cession,Iraq,91009,703378,Turkey,UKG,TUR
1927,Portugal,Cession,Democratic Republic of the Congo,3500,0,Belgium,POR,BEL
1927,Belgium,Cession,Angola,3,0,Portugal,BEL,POR
1928,Netherlands,Cession,Indonesia,1,0,United States of America,NTH,USA
1928,Norway,Cession,Bouvet I.,48,0,United Kingdom,NOR,UKG
1929,Peru,Cession,Chile,8498,30000,Chile,PER,CHL
1930,China,Cession,China,738,154416,United Kingdom,CHN,UKG
1932,France,Cession,French Polynesia,5,0,Mexico,FRN,MEX
1932,Japan,Conquest,Manchukuo,1304292,32900000,China,JPN,CHN
1932,Iraq,Independence,Iraq,301994,3560456,United Kingdom,IRQ,UKG
1933,United Kingdom,Cession,Newfoundland,404519,289516,Newfoundland,UKG,#N/A
1933,Japan,Conquest,China,173960,2963027,China,JPN,CHN
1934,Colombia,Cession,Peru,113882,40000,Peru,COL,PER
1934,Italy,Cession,Sudan,1,0,France,ITA,FRN
1934,Saudi Arabia,Cession,Yemen Arab Republic,1,50,Yemen Arab Republic,SAU,YAR
1935,Paraguay,Conquest,Bolivia,233100,35000,Bolivia,PAR,BOL
1935,Germany,Unification,Saar,1912,812030,France,GMY,FRN
1935,Italy,Cession,Djibouti,800,0,France,ITA,FRN
1936,Italy,Conquest,Ethiopia,906499,7000000,Ethiopia,ITA,ETH
1937,Japan,Conquest,China,1500000,0,China,JPN,CHN
1938,Germany,Annexation,Austria,83869,6760000,Austria,GMY,AUS
1938,Germany,Cession,Czechoslovakia,28674,3653292,Czechoslovakia,GMY,CZE
1938,Hungary,Cession,Slovakia,11826,1027450,Czechoslovakia,HUN,CZE
1938,Poland,Annexation,Czechoslovakia,1085,241698,Czechoslovakia,POL,CZE
1939,Slovakia,Secession,Slovakia,38456,2450096,Czechoslovakia,SLO,CZE
1939,Turkey,Cession,Syria,5312,273350,France,TUR,FRN
1939,Germany,Annexation,Czechoslovakia,98909,9807096,Czechoslovakia,GMY,CZE
1939,Hungary,Conquest,Czechoslovakia,11094,522124,Czechoslovakia,HUN,CZE
1939,Italy,Conquest,Albania,28748,1003124,Albania,ITA,ALB
1939,Lithuania,Cession,Poland,6656,457500,Russia,LIT,RUS
1939,Germany,Annexation,Lithuania,2846,152660,Lithuania,GMY,LIT
1940,Russia,Cession,Finland,40000,450000,Finland,RUS,FIN
1940,Bulgaria,Cession,Romania,7421,0,Romania,BUL,ROM
1940,Russia,Conquest,Estonia,47549,1126000,Estonia,RUS,EST
1940,Russia,Conquest,Latvia,65773,1950000,Latvia,RUS,LAT
1940,Russia,Conquest,Lithuania,59464,2879070,Lithuania,RUS,LIT
1941,Ethiopia,Cession,Ethiopia,906499,15000000,Italy,ETH,ITA
1942,Peru,Cession,Ecuador,190807,31000,Ecuador,PER,ECU
1944,Albania,Cession,Albania,28748,1132000,Italy,ALB,ITA
1944,Iceland,Secession,Iceland,103000,132000,Denmark,ICE,DEN
1945,Czechoslovakia,Cession,Czechoslovakia,127860,12900000,Germany,CZE,GMY
1945,Czechoslovakia,Cession,Czechoslovakia,22922,1000000,Hungary,CZE,HUN
1945,Czechoslovakia,Annexation,Slovakia,38456,2450096,Slovakia,CZE,SLO
1945,Russia,Cession,Germany,13000,0,Germany,RUS,GMY
1945,Russia,Cession,Poland,179460,0,Poland,RUS,POL
1945,Russia,Cession,Czechoslovakia,7000,0,Czechoslovakia,RUS,CZE
1945,China,Cession,China,1500000,0,Japan,CHN,JPN
1945,Russia,Cession,Japan,41063,339357,Japan,RUS,JPN
1945,China,Cession,Taiwan,35763,6084000,Japan,CHN,JPN
1945,United States of America,Cession,Abuja,2354,869287,Japan,USA,JPN
1946,Philippines,Independence,Philippines,299404,18400000,United States of America,PHI,USA
1946,Jordan,Independence,Jordan,89484,400000,United Kingdom,JOR,UKG
1946,Syria,Independence,Syria,184920,2978000,France,SYR,FRN
1946,Lebanon,Independence,Lebanon,10400,1156000,France,LEB,FRN
1947,Australia,Cession,Heard and McDonald Is.,412,0,United Kingdom,AUL,UKG
1947,France,Annexation,Saar,2567,874000,German Federal Republic,FRN,GFR
1947,Czechoslovakia,Cession,Hungary,1,0,Hungary,CZE,HUN
1947,Yugoslavia,Cession,Italy,3600,0,Italy,YUG,ITA
1947,Greece,Cession,Dodecanese Is. (Aegean Is.),2681,115343,Italy,GRC,ITA
1947,Albania,Cession,Albania,5,0,Italy,ALB,ITA
1947,France,Cession,Italy,1,0,Italy,FRN,ITA
1947,Russia,Conquest,Romania,49987,3500000,Romania,RUS,ROM
1947,Russia,Cession,Finland,44104,450000,Finland,RUS,FIN
1947,United States of America,Mandated territory,U. S. Pacific Trust Territories,1779,47000,Japan,USA,JPN
1947,India,Independence,India,2729368,345000,United Kingdom,IND,UKG
1947,Pakistan,Independence,Pakistan,863777,72200000,United Kingdom,PAK,UKG
1948,Canada,Unification,Newfoundland,404519,324000,United Kingdom,CAN,UKG
1948,South Korea,Independence,South Korea,98500,20200000,United States of America,ROK,USA
1948,Myanmar,Independence,Myanmar,678034,18100000,United Kingdom,MYA,UKG
1948,Sri Lanka,Independence,Sri Lanka,65610,7244000,United Kingdom,SRI,UKG
1948,Israel,Independence,Israel,12820,782000,United Kingdom,ISR,UKG
1948,North Korea,Independence,North Korea,121129,8000000,Russia,PRK,RUS
1949,Belgium,Cession,Germany,18,0,Germany,BEL,GMY
1949,France,Cession,Germany,7,0,Germany,FRN,GMY
1949,Luxembourg,Cession,Germany,6,0,Germany,LUX,GMY
1949,Netherlands,Cession,German Federal Republic,78,9000,German Federal Republic,NTH,GFR
1949,Jordan,Conquest,Israel,5607,400000,Israel,JOR,ISR
1949,Egypt,Conquest,Israel,258,405000,Israel,EGY,ISR
1949,Pakistan,Conquest,Kashmir,32024,1320000,India,PAK,IND
1949,Bhutan,Cession,India,83,19920,India,BHU,IND
1949,India,Conquest,Kashmir,139860,2700000,Pakistan,IND,PAK
1949,Indonesia,Independence,Indonesia,1491562,74800000,Netherlands,INS,NTH
1949,Taiwan,Secession,Taiwan,36156,7099000,China,TAW,CHN
1949,Bhutan,Independence,Bhutan,46600,300000,India,BHU,IND
1950,India,Cession,Sokoto,10,44786,France,IND,FRN
1950,India,Cession,Sikkim,7298,137158,Sikkim,IND,#N/A
1951,Russia,Cession,Poland,240,7000,Poland,RUS,POL
1951,Poland,Cession,Russia,240,7000,Russia,POL,RUS
1953,Japan,Cession,Abuja,1000,0,United States of America,JPN,USA
1953,Laos,Independence,Laos,236800,1505000,France,LAO,FRN
1953,Cambodia,Independence,Cambodia,172511,4440000,France,CAM,FRN
1954,India,Annexation,Portugal,491,57963,Portugal,IND,POR
1954,India,Cession,Sokoto,503,323000,France,IND,FRN
1954,Republic of Vietnam,Independence,Republic of Vietnam,168350,9934000,France,RVN,FRN
1954,Vietnam,Independence,Vietnam,155203,16100000,France,DRV,FRN
1954,German Democratic Republic,Independence,German Democratic Republic,107834,18100000,Russia,GDR,RUS
1955,Australia,Cession,Cocos (Keeling) Is.,14,500,United Kingdom,AUL,UKG
1955,France,Cession,Libya,26000,0,Libya,FRN,LIB
1955,China,Cession,Taiwan,1,300,Taiwan,CHN,TAW
1956,Egypt,Cession,Egypt,1,0,United Kingdom,EGY,UKG
1956,German Federal Republic,Cession,Belgium,1,648,Belgium,GFR,BEL
1956,Morocco,Cession,Spanish Morocco,19656,1045000,Spain,MOR,SPN
1956,Japan,Cession,Russia,500,0,Russia,JPN,RUS
1956,Sudan,Independence,Sudan,2505823,10300000,United Kingdom,SUD,UKG
1956,Morocco,Independence,Morocco,380800,8955000,France,MOR,FRN
1956,Tunisia,Independence,Tunisia,125180,3963000,France,TUN,FRN
1957,Ghana,Unification,British Togoland,33776,429000,United Kingdom,GHA,UKG
1957,German Federal Republic,Cession,Saar,2567,992000,France,GFR,FRN
1957,Ghana,Independence,Ghana,204097,6250000,United Kingdom,GHA,UKG
1957,Malaysia,Independence,Malaysia,131287,6279000,United Kingdom,MAL,UKG
1958,Australia,Cession,Cocos (Keeling) Is.,135,3361,United Kingdom,AUL,UKG
1958,Morocco,Cession,Spanish Morocco,13219,9000,Spain,MOR,SPN
1958,Egypt,Unification,Syria,1187338,29300000,Syria,EGY,SYR
1958,Pakistan,Cession,Oman,1,8146,Oman,PAK,OMA
1958,Pakistan,Cession,India,1,300,India,PAK,IND
1958,India,Cession,Pakistan,1,0,Pakistan,IND,PAK
1958,Guinea,Independence,Guinea,245857,2896000,France,GUI,FRN
1960,Mali,Independence,Mali,1401182,7172000,France,MLI,FRN
1960,Honduras,Cession,Nicaragua,20720,0,Nicaragua,HON,NIC
1960,Somalia,Unification,British Somaliland (Somaliland Republic),176120,650000,United Kingdom,SOM,UKG
1960,Nigeria,Independence,Nigeria,878447,52000000,United Kingdom,NIG,UKG
1960,Cyprus,Independence,Cyprus,9251,573000,United Kingdom,CYP,UKG
1960,Democratic Republic of the Congo,Independence,Democratic Republic of the Congo,2344932,14100000,Belgium,DRC,BEL
1960,Chad,Independence,Chad,1283000,3070000,France,CHA,FRN
1960,Niger,Independence,Niger,1188794,2876000,France,NIR,FRN
1960,Mauritania,Independence,Mauritania,1085805,970000,France,MAA,FRN
1960,Central African Republic,Independence,Central African Republic,626000,1227000,France,CEN,FRN
1960,Madagascar,Independence,Madagascar,590000,5393000,France,MAG,FRN
1960,Cameroon,Independence,Cameroon,432012,4700000,France,CAO,FRN
1960,Congo,Independence,Congo,342000,773000,France,CON,FRN
1960,Ivory Coast,Independence,Ivory Coast,322463,3230000,France,CDI,FRN
1960,Burkina Faso,Independence,Burkina Faso,274200,4400000,France,BFO,FRN
1960,Gabon,Independence,Gabon,267000,446000,France,GAB,FRN
1960,Benin,Independence,Benin,115760,2050000,France,BEN,FRN
1960,Togo,Independence,Togo,56600,1440000,France,TOG,FRN
1960,Somalia,Independence,Somalia,461541,1330000,Italy,SOM,ITA
1960,Senegal,Secession,Senegal,197161,3110000,Mali,SEN,MLI
1961,Nigeria,Unification,British Cameroons,45325,0,United Kingdom,NIG,UKG
1961,Cameroon,Unification,British Cameroons,42945,840000,United Kingdom,CAO,UKG
1961,India,Conquest,"Portuguese India (incl. Goa, Diu, Daman)",4193,649660,Portugal,IND,POR
1961,Benin,Conquest,Benin,2,12,Portugal,BEN,POR
1961,Nepal,Cession,China,780,31200,China,NEP,CHN
1961,China,Cession,Myanmar,161,0,Myanmar,CHN,MYA
1961,Tanzania,Independence,Tanzania,939361,9399000,United Kingdom,TAZ,UKG
1961,Sierra Leone,Independence,Sierra Leone,72326,2252000,United Kingdom,SIE,UKG
1961,Kuwait,Independence,Kuwait,15540,322000,United Kingdom,KUW,UKG
1961,Syria,Secession,Syria,184920,4693000,Egypt,SYR,EGY
1962,Uganda,Independence,Uganda,243411,7016000,United Kingdom,UGA,UKG
1962,Jamaica,Independence,Jamaica,11424,1661000,United Kingdom,JAM,UKG
1962,Trinidad and Tobago,Independence,Trinidad and Tobago,5128,900000,United Kingdom,TRI,UKG
1962,Burundi,Independence,Burundi,27834,3025000,Belgium,BUI,BEL
1962,Rwanda,Independence,Rwanda,26388,2840000,Belgium,RWA,BEL
1962,Algeria,Independence,Algeria,2381741,10900000,France,ALG,FRN
1962,Samoa,Independence,Samoa,2823,116000,New Zealand,WSM,NEW
1963,Mexico,Cession,United States of America,2,100,United States of America,MEX,USA
1963,Malaysia,Unification,Sarawak,124967,778000,United Kingdom,MAL,UKG
1963,Malaysia,Unification,Sabah (North Borneo),76115,478000,United Kingdom,MAL,UKG
1963,Malaysia,Unification,Singapore,583,1733000,United Kingdom,MAL,UKG
1963,Indonesia,Cession,West Irian (Dutch New Guinea),412781,751000,Netherlands,INS,NTH
1963,German Federal Republic,Cession,Netherlands,1,0,Netherlands,GFR,NTH
1963,Pakistan,Cession,China,1942,9136,China,PAK,CHN
1963,Kenya,Independence,Kenya,582646,8847000,United Kingdom,KEN,UKG
1963,Zanzibar,Independence,Zanzibar,2642,329000,United Kingdom,ZAN,UKG
1964,Tanzania,Unification,Zanzibar,942003,11400000,Zanzibar,TAZ,ZAN
1964,Zambia,Independence,Zambia,751936,3600000,United Kingdom,ZAM,UKG
1964,Malawi,Independence,Malawi,119311,3845000,United Kingdom,MAW,UKG
1964,Malta,Independence,Malta,316,324000,United Kingdom,MLT,UKG
1965,Maldives,Independence,Maldives,298,98000,United Kingdom,MAD,UKG
1965,Saudi Arabia,Cession,Jordan,750,750,Jordan,SAU,JOR
1965,Jordan,Cession,Saudi Arabia,750,750,Saudi Arabia,JOR,SAU
1965,Gambia,Independence,Gambia,10368,330000,United Kingdom,GAM,UKG
1965,Singapore,Secession,Singapore,583,1865000,Malaysia,SIN,MAL
1966,Botswana,Independence,Botswana,575000,667000,United Kingdom,BOT,UKG
1966,Guyana,Independence,Guyana,210000,714223,United Kingdom,GUY,UKG
1966,Lesotho,Independence,Lesotho,30340,1080857,United Kingdom,LES,UKG
1966,Barbados,Independence,Barbados,430,238000,United Kingdom,BAR,UKG
1967,Oman,Cession,Oman,73,85,United Kingdom,OMA,UKG
1967,Israel,Conquest,Egypt,53242,418800,Egypt,ISR,EGY
1967,Israel,Conquest,Syria,1710,60000,Syria,ISR,SYR
1967,Israel,Conquest,Jordan,5878,674500,Jordan,ISR,JOR
1967,Yemen Peoples Republic,Independence,Yemen Peoples Republic,160300,1250000,United Kingdom,#N/A,UKG
1968,Nauru,Independence,Nauru,22,6603,Australia,NAU,AUL
1968,Japan,Cession,Bonin Is.,100,0,United States of America,JPN,USA
1968,Pakistan,Cession,India,780,187200,India,PAK,IND
1968,India,Cession,Pakistan,7000,0,Pakistan,IND,PAK
1968,Swaziland,Independence,Swaziland,17400,442195,United Kingdom,SWA,UKG
1968,Mauritius,Independence,Mauritius,1865,830700,United Kingdom,MAS,UKG
1968,Equatorial Guinea,Independence,Equatorial Guinea,28051,290000,Spain,EQG,SPN
1969,Morocco,Cession,Ifni,1505,51517,Spain,MOR,SPN
1969,Kuwait,Cession,Saudi Arabia,2850,2080,Saudi Arabia,KUW,SAU
1969,Saudi Arabia,Cession,Kuwait,2850,2080,Kuwait,SAU,KUW
1970,Tonga,Independence,Tonga,700,87406,United Kingdom,TON,UKG
1970,Fiji,Independence,Fiji,18272,524457,United Kingdom,FIJ,UKG
1971,United Arab Emirates,Unification,United Arab Emirates,90410,154656,United Arab Emirates,UAE,UAE
1971,Bangladesh,Secession,Bangladesh,144020,71300000,Pakistan,BNG,PAK
1971,Nicaragua,Cession,Nicaragua,6,2116,United States of America,NIC,USA
1971,Iran,Conquest,United Arab Emirates,1,100,United Arab Emirates,IRN,UAE
1971,Iran,Annexation,United Arab Emirates,1,100,United Arab Emirates,IRN,UAE
1971,Pakistan,Conquest,India,315,75600,India,PAK,IND
1971,India,Conquest,Pakistan,13361,5000000,Pakistan,IND,PAK
1971,Qatar,Independence,Qatar,11000,160000,United Kingdom,QAT,UKG
1971,Bahrain,Independence,Bahrain,723,216815,United Kingdom,BAH,UKG
1972,Japan,Cession,Abuja,848,934176,United States of America,JPN,USA
1972,Honduras,Cession,Honduras,3,0,United States of America,HON,USA
1972,Yemen Arab Republic,Annexation,Yemen Peoples Republic,182,1000,Yemen Peoples Republic,YAR,#N/A
1972,United Arab Emirates,Unification,United Arab Emirates,1690,24482,United Arab Emirates,UAE,UAE
1972,Pakistan,Cession,Pakistan,14609,3506160,India,PAK,IND
1972,India,Cession,India,179,0,Pakistan,IND,PAK
1973,Libya,Conquest,Chad,78000,78000,Chad,LIB,CHA
1973,Israel,Conquest,Syria,780,15000,Syria,ISR,SYR
1973,Bahamas,Independence,Bahamas,13864,168812,United Kingdom,BHM,UKG
1974,Turkey,Conquest,Cyprus,3640,250000,Cyprus,TUR,CYP
1974,Egypt,Cession,Egypt,1000,1000,Israel,EGY,ISR
1974,Sri Lanka,Cession,India,1,100,India,SRI,IND
1974,Grenada,Independence,Grenada,344,107779,United Kingdom,GRN,UKG
1974,Guinea-Bissau,Independence,Guinea-Bissau,36125,487448,Portugal,GNB,POR
1975,Saudi Arabia,Cession,Iraq,3500,2000,Iraq,SAU,IRQ
1975,Egypt,Cession,Egypt,20000,2000,Israel,EGY,ISR
1975,Iraq,Cession,Saudi Arabia,3500,0,Saudi Arabia,IRQ,SAU
1975,Vietnam,Conquest,Republic of Vietnam,174481,18300000,Republic of Vietnam,DRV,RVN
1975,Suriname,Independence,Suriname,163265,414000,Netherlands,SUR,NTH
1975,Comoros,Independence,Comoros,1862,252000,France,COM,FRN
1975,Angola,Independence,Angola,1246700,5673046,Portugal,ANG,POR
1975,Mozambique,Independence,Mozambique,784961,8233834,Portugal,MZM,POR
1975,Cape Verde,Independence,Cape Verde,4033,272071,Portugal,CAP,POR
1975,Sao Tome and Principe,Independence,Sao Tome and Principe,964,76430,Portugal,STP,POR
1975,Papua New Guinea,Independence,Papua New Guinea,462840,2600000,Australia,PNG,AUL
1976,Seychelles,Cession,British Indian Ocean Territory,27,0,United Kingdom,SEY,UKG
1976,Morocco,Cession,Spanish Sahara,177667,0,Spain,MOR,SPN
1976,Mauritania,Cession,Spanish Sahara,88667,0,Spain,MAA,SPN
1976,Indonesia,Conquest,East Timor,14984,610541,Portugal,INS,POR
1976,France,Secession,Mayotte,374,38000,Comoros,FRN,COM
1976,Syria,Cession,Syria,780,0,Israel,SYR,ISR
1976,Seychelles,Independence,Seychelles,404,59000,United Kingdom,SEY,UKG
1977,Djibouti,Independence,Djibouti,23000,300000,France,DJI,FRN
1978,Tuvalu,Independence,Tuvalu,24,5887,United Kingdom,TUV,UKG
1978,Panama,Cession,Panama Canal Zone,1676,41800,United States of America,PAN,USA
1978,Solomon Islands,Independence,Solomon Islands,29785,196823,United Kingdom,SOL,UKG
1978,Dominica,Independence,Dominica,728,78000,United Kingdom,DMA,UKG
1979,Kiribati,Independence,Kiribati,572,57816,United Kingdom,KIR,UKG
1979,St. Vincent and the Grenadines,Independence,St. Vincent and the Grenadines,389,120000,United Kingdom,SVG,UKG
1979,Egypt,Cession,Egypt,20000,2000,Israel,EGY,ISR
1979,St. Lucia,Independence,St. Lucia,616,121000,United Kingdom,SLU,UKG
1980,Vanuatu,Independence,Vanuatu,14760,97468,France,VAN,FRN
1980,Morocco,Cession,Mauritania,88667,100000,Mauritania,MOR,MAA
1980,Zimbabwe,Independence,Zimbabwe,390622,7360000,United Kingdom,ZIM,UKG
1981,Colombia,Cession,Quita Sueno Bank,10,0,United States of America,COL,USA
1981,Belize,Independence,Belize,22800,148300,United Kingdom,BLZ,UKG
1981,Antigua & Barbuda,Independence,Antigua & Barbuda,440,77000,United Kingdom,AAB,UKG
1983,St. Kitts and Nevis,Independence,St. Kitts and Nevis,360,44500,United Kingdom,SKN,UKG
1984,Brunei,Independence,Brunei,5270,215000,United Kingdom,BRU,UKG
1986,Federated States of Micronesia,Independence,Federated States of Micronesia,702,95000,United States of America,FSM,USA
1986,Marshall Islands,Independence,Marshall Islands,181,40000,United States of America,MSI,USA
1986,Mali,Cession,Burkina Faso,1553,65000,Burkina Faso,MLI,BFO
1989,Egypt,Cession,Israel,1,0,Israel,EGY,ISR
1990,Germany,Unification,German Democratic Republic,108333,16600000,German Democratic Republic,GMY,GDR
1990,Yemen,Unification,Yemen Peoples Republic,329111,2488000,Yemen Peoples Republic,YEM,#N/A
1990,Namibia,Independence,Namibia,823290,1372000,South Africa,NAM,SAF
1991,Croatia,Secession,Croatia,56410,4763000,Yugoslavia,CRO,YUG
1991,Slovenia,Secession,Slovenia,20256,1974000,Yugoslavia,SLV,YUG
1991,Kazakhstan,Secession,Kazakhstan,2717300,16700000,Russia,KZK,RUS
1991,Ukraine,Secession,Ukraine,603700,52000000,Russia,UKR,RUS
1991,Turkmenistan,Secession,Turkmenistan,488100,3600000,Russia,TKM,RUS
1991,Uzbekistan,Secession,Uzbekistan,447400,20300000,Russia,UZB,RUS
1991,Belarus,Secession,Belarus,207600,10200000,Russia,BLR,RUS
1991,Kyrgyzstan,Secession,Kyrgyzstan,198500,4375000,Russia,KYR,RUS
1991,Tajikistan,Secession,Tajikistan,143100,5250000,Russia,TAJ,RUS
1991,Azerbaijan,Secession,Azerbaijan,86600,7200000,Russia,AZE,RUS
1991,Georgia,Secession,Georgia,69700,5500000,Russia,GRG,RUS
1991,Lithuania,Secession,Lithuania,65301,3754000,Russia,LIT,RUS
1991,Latvia,Secession,Latvia,64610,2600000,Russia,LAT,RUS
1991,Estonia,Secession,Estonia,45227,1581000,Russia,EST,RUS
1991,Moldova,Secession,Moldova,33700,4350000,Russia,MLD,RUS
1991,Armenia,Secession,Armenia,28400,3450000,Russia,ARM,RUS
1992,Oman,Cession,Yemen,1250,0,Yemen,OMA,YEM
1992,Yemen,Cession,Oman,1875,0,Oman,YEM,OMA
1992,Bangladesh,Cession,Tin Bigha,1,20,India,BNG,IND
1992,Bosnia and Herzegovina,Secession,Bosnia and Herzegovina,51107,4455000,Yugoslavia,BOS,YUG
1993,Czech Republic,Secession,Czech Republic,79228,10300000,Czechoslovakia,CZR,CZE
1993,Slovakia,Secession,Slovakia,48666,5200000,Czechoslovakia,SLO,CZE
1993,Macedonia,Secession,Macedonia,24856,2109000,Yugoslavia,MAC,YUG
1993,Eritrea,Secession,Eritrea,124993,3000000,Ethiopia,ERI,ETH
1994,Namibia,Cession,Walvis Bay,1124,30000,South Africa,NAM,SAF
1994,Palau,Independence,U. S. Pacific Trust Territories,487,15600,United States of America,PAL,USA
1995,Jordan,Cession,Israel,340,0,Israel,JOR,ISR
1996,China,Cession,Russia,18,0,Russia,CHN,RUS
1997,China,Cession,Hong Kong,1084,6700000,United Kingdom,CHN,UKG
1997,Slovakia,Cession,Czech Republic,4052,120,Czech Republic,SLO,CZR
1997,Czech Republic,Cession,Slovakia,4052,31,Slovakia,CZR,SLO
1998,Ukraine,Cession,Moldova,1,0,Moldova,UKR,MLD
1998,Moldova,Cession,Ukraine,1,0,Ukraine,MLD,UKR
1998,China,Cession,Kazakhstan,470,0,Kazakhstan,CHN,KZK
1999,Botswana,Cession,Botswana,5,0,Namibia,BOT,NAM
1999,China,Cession,Macao,21045,447000,Portugal,CHN,POR
1999,Estonia,Cession,Russia,30,0,Russia,EST,RUS
1999,Russia,Cession,Estonia,30,0,Estonia,RUS,EST
2000,Egypt,Conquest,Sudan,20580,5000,Sudan,EGY,SUD
2004,Yemen,Cession,Saudi Arabia,40000,0,Saudi Arabia,YEM,SAU
2006,Montenegro,Secession,Montenegro,13812,650000,Yugoslavia,MNG,YUG
2008,China,Cession,Russia,174,0,Russia,CHN,RUS
2008,Cameroon,Cession,Nigeria,665,300000,Nigeria,CAO,NIG
2008,Kosovo,Independence,Kosovo,10887,1747383,Yugoslavia,KOS,YUG
2011,China,Cession,Tajikistan,1142,0,Tajikistan,CHN,TAJ
2011,South Sudan,Independence,South Sudan,619745,8260000,Sudan,SSD,SUD
2014,Russia,Conquest,Ukraine,27000,2400000,Ukraine,RUS,UKR
2015,Bangladesh,Independence,Bangladesh,28077,51000,India,BNG,IND
2015,India,Independence,India,69044,51000,Bangladesh,IND,BNG
